Workbook

Sheet Huong_dan
A1: BẢNG TÍNH THỐNG KÊ HIỆU QUẢ ỨNG DỤNG SỨC KHỎE
B2: Thông Tin Nhóm Thực Hiện
A3: Tên Nhóm | B3: Nhóm 1 - 5 Anh Em
A4: Lớp | B4: HCM-KS26-CNTT1
B5: Chú Thích
A6: Mục đích | B6: Dữ liệu giả lập để minh họa cách so sánh các chỉ số trước và sau khi dùng ứng dụng.
A7: Du_lieu | B7: 20 người dùng giả lập; mỗi người có số liệu TRƯỚC và SAU.
A8: Thong_ke | B8: Tự động tính trung bình, chênh lệch và tỷ lệ thay đổi bằng công thức Excel.
A9: Dashboard | B9: Biểu đồ trực quan so sánh các chỉ số trước – sau.
A10: Cách cập nhật | B10: Sửa các ô dữ liệu ở sheet Du_lieu; bảng Thong_ke và Dashboard sẽ cập nhật khi Excel tính lại.
A11: Lưu ý diễn giải | B11: Đây là dữ liệu mô phỏng, không phải khảo sát thật; không dùng để kết luận hiệu quả y tế thực tế.
A14: Quy ước
A15: • Giờ ngủ: càng tăng về mức phù hợp càng tốt; mục tiêu tham khảo 7–9 giờ/ngày.
A16: • Vận động: phút hoạt động thể chất mỗi tuần; cao hơn thường tốt hơn trong phạm vi hợp lý.
A17: • Nước: lít/ngày, chỉ số tham khảo để mô phỏng, nhu cầu thực tế tùy từng người.
A18: • Bữa ăn cân bằng: tỷ lệ (%) bữa ăn đáp ứng tiêu chí cân bằng do dự án giả định.
A19: • Căng thẳng: thang tự đánh giá 1–10; giảm là tốt hơn.
A20: • Chi tiêu không cần thiết: nghìn đồng/tuần; giảm có thể phản ánh quản lý chi tiêu tốt hơn.
A21: • Thời gian hoàn thành kế hoạch: tỷ lệ (%) công việc/ngày hoàn thành theo kế hoạch; tăng là tốt hơn.

Sheet Du_lieu
A1: DỮ LIỆU GIẢ LẬP – TRƯỚC VÀ SAU KHI SỬ DỤNG ỨNG DỤNG
A3: Mã người dùng | B3: Giờ ngủ TB trước khi sử dụng (giờ/ngày) | C3: Giờ ngủ TB sau khi sử dụng (giờ/ngày) | D3: Vận động trước khi sử dụng (phút/tuần) | E3: Vận động sau khi sử dụng (phút/tuần) | F3: Nước trước khi sử dụng (lít/ngày) | G3: Nước sau khi sử dụng (lít/ngày) | H3: Bữa ăn cân bằng trước khi sử dụng (%) | I3: Bữa ăn cân bằng sau khi sử dụng (%) | J3: Căng thẳng trước khi sử dụng (1-10) | K3: Căng thẳng sau khi sử dụng (1-10) | L3: Chi tiêu không cần thiết trước khi sử dụng (nghìn/tuần) | M3: Chi tiêu không cần thiết sau khi sử dụng (nghìn/tuần) | N3: Hoàn thành kế hoạch trước khi sử dụng (%) | O3: Hoàn thành kế hoạch sau khi sử dụng (%) | P3: Ghi chú | Q3: Nhóm dữ liệu
A4: U01 | B4: 6.4 | C4: 6.8 | D4: 55 | E4: 95 | F4: 1 | G4: 1.6 | H4: 59 | I4: 71 | J4: 9 | K4: 7 | L4: 196 | M4: 149 | N4: 32 | O4: 50 | P4: Dữ liệu mô phỏng | Q4: Giả lập
A5: U02 | B5: 5.6 | C5: 6.5 | D5: 91 | E5: 128 | F5: 1.5 | G5: 2.1 | H5: 51 | I5: 68 | J5: 8 | K5: 5 | L5: 322 | M5: 281 | N5: 54 | O5: 71 | P5: Dữ liệu mô phỏng | Q5: Giả lập
A6: U03 | B6: 6.5 | C6: 7.2 | D6: 39 | E6: 77 | F6: 1.8 | G6: 2.2 | H6: 30 | I6: 52 | J6: 5 | K6: 3 | L6: 613 | M6: 485 | N6: 49 | O6: 69 | P6: Dữ liệu mô phỏng | Q6: Giả lập
A7: U04 | B7: 6.7 | C7: 7.8 | D7: 88 | E7: 120 | F7: 1.8 | G7: 2.2 | H7: 60 | I7: 79 | J7: 9 | K7: 7 | L7: 475 | M7: 386 | N7: 52 | O7: 66 | P7: Dữ liệu mô phỏng | Q7: Giả lập
A8: U05 | B8: 5.3 | C8: 5.9 | D8: 57 | E8: 87 | F8: 1.7 | G8: 2.3 | H8: 49 | I8: 67 | J8: 8 | K8: 5 | L8: 607 | M8: 474 | N8: 35 | O8: 58 | P8: Dữ liệu mô phỏng | Q8: Giả lập
A9: U06 | B9: 5.8 | C9: 6.8 | D9: 29 | E9: 92 | F9: 1.4 | G9: 1.9 | H9: 40 | I9: 55 | J9: 8 | K9: 6 | L9: 318 | M9: 222 | N9: 51 | O9: 73 | P9: Dữ liệu mô phỏng | Q9: Giả lập
A10: U07 | B10: 6.7 | C10: 7.8 | D10: 49 | E10: 126 | F10: 0.8 | G10: 1.2 | H10: 42 | I10: 54 | J10: 6 | K10: 3 | L10: 628 | M10: 508 | N10: 36 | O10: 63 | P10: Dữ liệu mô phỏng | Q10: Giả lập
A11: U08 | B11: 5.9 | C11: 7.1 | D11: 78 | E11: 112 | F11: 1.1 | G11: 1.4 | H11: 60 | I11: 87 | J11: 7 | K11: 4 | L11: 479 | M11: 330 | N11: 58 | O11: 88 | P11: Dữ liệu mô phỏng | Q11: Giả lập
A12: U09 | B12: 5.9 | C12: 6.5 | D12: 37 | E12: 94 | F12: 1.3 | G12: 1.9 | H12: 32 | I12: 46 | J12: 6 | K12: 3 | L12: 396 | M12: 340 | N12: 42 | O12: 66 | P12: Dữ liệu mô phỏng | Q12: Giả lập
A13: U10 | B13: 6.3 | C13: 7.1 | D13: 52 | E13: 112 | F13: 1.7 | G13: 1.9 | H13: 32 | I13: 59 | J13: 7 | K13: 4 | L13: 354 | M13: 286 | N13: 39 | O13: 64 | P13: Dữ liệu mô phỏng | Q13: Giả lập
A14: U11 | B14: 5.5 | C14: 5.9 | D14: 53 | E14: 110 | F14: 1.6 | G14: 2.1 | H14: 31 | I14: 61 | J14: 7 | K14: 4 | L14: 439 | M14: 349 | N14: 34 | O14: 57 | P14: Dữ liệu mô phỏng | Q14: Giả lập
A15: U12 | B15: 6.6 | C15: 7.5 | D15: 87 | E15: 112 | F15: 1.4 | G15: 1.8 | H15: 32 | I15: 53 | J15: 7 | K15: 6 | L15: 209 | M15: 108 | N15: 58 | O15: 88 | P15: Dữ liệu mô phỏng | Q15: Giả lập
... A23: U20 | B23: 5.7 | C23: 6.7 | D23: 91 | E23: 158 | F23: 1.5 | G23: 1.8 | H23: 43 | I23: 59 | J23: 5 | K23: 2 | L23: 556 | M23: 378 | N23: 31 | O23: 53 | P23: Dữ liệu mô phỏng | Q23: Giả lập

Sheet Thong_ke
A1: THỐNG KÊ TỰ ĐỘNG – SO SÁNH TRƯỚC VÀ SAU
A2: Các kết quả được tính từ 20 dòng dữ liệu ở sheet Du_lieu. Thay đổi dữ liệu nguồn để cập nhật.
A4: Chỉ số | B4: Đơn vị | C4: Trung bình trước | D4: Trung bình sau | E4: Chênh lệch (sau-trước) | F4: Thay đổi (%) | G4: Hướng mong muốn | H4: Diễn giải tự động
A5: Thời lượng ngủ | B5: giờ/ngày | C5: =AVERAGE(Du_lieu!B4:B23) -> 6.14 | D5: =AVERAGE(Du_lieu!C4:C23) -> 6.995 | E5: =D5-C5 -> 0.855 | F5: =IF(C5=0,0,(D5-C5)/ABS(C5)) -> 0.13925081 | G5: Tăng đến mức phù hợp | H5: =IF(AND(D5>=7,D5<=9,D5>C5),"Tiến gần khoảng ngủ tham khảo",IF(D5>C5,"Tăng thời lượng ngủ","Cần xem xét")) -> Tăng thời lượng ngủ
A6: Vận động thể chất | B6: phút/tuần | C6: =AVERAGE(Du_lieu!D4:D23) -> 58 | D6: =AVERAGE(Du_lieu!E4:E23) -> 110.1 | E6: =D6-C6 -> 52.1 | F6: =IF(C6=0,0,(D6-C6)/ABS(C6)) -> 0.89827586 | G6: Tăng | H6: =IF(D6>C6,"Cải thiện theo hướng mong muốn",IF(D6=C6,"Không đổi","Cần xem xét")) -> Cải thiện theo hướng mong muốn
A7: Lượng nước uống | B7: lít/ngày | C7: =AVERAGE(Du_lieu!F4:F23) -> 1.31 | D7: =AVERAGE(Du_lieu!G4:G23) -> 1.79 | E7: =D7-C7 -> 0.48 | F7: =IF(C7=0,0,(D7-C7)/ABS(C7)) -> 0.36641221 | G7: Tăng phù hợp nhu cầu | H7: =IF(D7>C7,"Tăng lượng nước (cần cá nhân hóa)","Không tăng") -> Tăng lượng nước (cần cá nhân hóa)
A8: Bữa ăn cân bằng | B8: % | C8: =AVERAGE(Du_lieu!H4:H23) -> 42.8 | D8: =AVERAGE(Du_lieu!I4:I23) -> 61.9 | E8: =D8-C8 -> 19.1 | F8: =IF(C8=0,0,(D8-C8)/ABS(C8)) -> 0.44626168 | G8: Tăng | H8: =IF(D8>C8,"Cải thiện theo hướng mong muốn",IF(D8=C8,"Không đổi","Cần xem xét")) -> Cải thiện theo hướng mong muốn
A9: Mức độ căng thẳng | B9: điểm 1–10 | C9: =AVERAGE(Du_lieu!J4:J23) -> 7 | D9: =AVERAGE(Du_lieu!K4:K23) -> 4.75 | E9: =D9-C9 -> -2.25 | F9: =IF(C9=0,0,(D9-C9)/ABS(C9)) -> -0.32142857 | G9: Giảm | H9: =IF(D9<C9,"Cải thiện theo hướng mong muốn",IF(D9=C9,"Không đổi","Cần xem xét")) -> Cải thiện theo hướng mong muốn
A10: Chi tiêu không cần thiết | B10: nghìn đồng/tuần | C10: =AVERAGE(Du_lieu!L4:L23) -> 399.75 | D10: =AVERAGE(Du_lieu!M4:M23) -> 296.65 | E10: =D10-C10 -> -103.1 | F10: =IF(C10=0,0,(D10-C10)/ABS(C10)) -> -0.25791119 | G10: Giảm | H10: =IF(D10<C10,"Cải thiện theo hướng mong muốn",IF(D10=C10,"Không đổi","Cần xem xét")) -> Cải thiện theo hướng mong muốn
A11: Hoàn thành kế hoạch | B11: % | C11: =AVERAGE(Du_lieu!N4:N23) -> 42.45 | D11: =AVERAGE(Du_lieu!O4:O23) -> 65.15 | E11: =D11-C11 -> 22.7 | F11: =IF(C11=0,0,(D11-C11)/ABS(C11)) -> 0.53474676 | G11: Tăng | H11: =IF(D11>C11,"Cải thiện theo hướng mong muốn",IF(D11=C11,"Không đổi","Cần xem xét")) -> Cải thiện theo hướng mong muốn
A12: Cách hiểu tỷ lệ thay đổi | B12: Với chỉ số nên giảm (căng thẳng, chi tiêu không cần thiết), tỷ lệ âm có thể là tín hiệu tốt. Hãy đọc cùng cột “Hướng mong muốn” và “Diễn giải tự động”, không kết luận chỉ từ dấu +/−.

Sheet Dashboard
A1: DASHBOARD – HIỆU QUẢ MÔ PHỎNG CỦA ỨNG DỤNG | J1: Chỉ số | K1: Trước | L1: Sau
A2: Dữ liệu minh họa (20 người dùng giả lập). Kết quả không đại diện cho nghiên cứu thực tế. | J2: Bữa ăn cân bằng | K2: =Thong_ke!C8 -> 42.8 | L2: =Thong_ke!D8 -> 61.9
J3: Hoàn thành kế hoạch | K3: =Thong_ke!C11 -> 42.45 | L3: =Thong_ke!D11 -> 65.15
A4: SỐ NGƯỜI DÙNG GIẢ LẬP | C4: CHỈ SỐ THEO DÕI | E4: GIỜ NGỦ TB SAU | G4: CĂNG THẲNG TB SAU
A5: =COUNTA(Du_lieu!A4:A23) -> 20 | C5: =COUNTA(Thong_ke!A5:A11) -> 7 | E5: =Thong_ke!D5 -> 6.995 | G5: =Thong_ke!D9 -> 4.75
